chrom	seg	num.mark	nhet	cnlr.median	mafR	segclust	cnlr.median.clust	mafR.clust	start	end	cf.em	tcn.em	lcn.em
1	1	76	0	-0.100035444745272	0	53	-0.048133075150967	NA	86000	833526	0.684793484474088	3	NA
1	2	4295	423	0.0730694485936492	0.144282178433364	63	0.0693643626522609	0.151346796575987	833824	2446456	0.686907082596038	3	1
1	3	1265	107	-0.0993436450141648	0.173614735795351	50	-0.048133075150967	0.168691995134854	2446900	2975600	0.648826633386413	3	1
1	4	2259	230	0.0545116600361057	0.154453080124086	63	0.0693643626522609	0.151346796575987	2976066	3700700	0.686907082596038	3	1
1	5	14249	1122	-0.014838961858308	0.160401742726077	50	-0.048133075150967	0.168691995134854	3701124	8804300	0.648826633386413	3	1
1	6	23308	1804	-0.0709288669088853	0.16351526360168	50	-0.048133075150967	0.168691995134854	8804727	18116000	0.648826633386413	3	1
1	7	14694	1498	-0.031134733466751	0.170203707780772	50	-0.048133075150967	0.168691995134854	18116400	23243400	0.648826633386413	3	1
1	8	17771	1033	-0.0670046476532438	0.153434677775295	50	-0.048133075150967	0.168691995134854	23243827	29875491	0.648826633386413	3	1
1	9	2285	263	0.00721272701810388	0.237683053925395	55	0.0153224275669011	0.19827667681081	29876873	30781355	0.686907082596038	3	1
1	10	29865	1995	-0.0591120102430352	0.18788024139631	47	-0.048133075150967	0.193216234549972	30781600	41445421	0.664820668912117	3	1
1	11	3	2	-1.29996050608485	0.985849757115086	5	-1.31824793381499	NA	41445740	41446231	0.686907082596038	1	0
1	12	722	99	-0.0373640137423811	0.132987024166305	50	-0.048133075150967	0.168691995134854	41446694	41722576	0.648826633386413	3	1
1	13	3162	283	0.0149231062386531	0.238368246464147	55	0.0153224275669011	0.19827667681081	41723100	42825897	0.686907082596038	3	1
1	14	34977	2666	-0.0539916859212542	0.188057220060781	47	-0.048133075150967	0.193216234549972	42826882	55561700	0.664820668912117	3	1
1	15	9619	1139	-0.0246775164557734	0.18697831371719	47	-0.048133075150967	0.193216234549972	55562000	58962531	0.664820668912117	3	1
1	16	5718	502	0.0159991249113682	0.217698574652311	55	0.0153224275669011	0.19827667681081	58962608	61069013	0.686907082596038	3	1
1	17	46647	3322	-0.0319665063919718	0.184269087074023	47	-0.048133075150967	0.193216234549972	61069400	78767813	0.664820668912117	3	1
1	18	31586	2043	0.0153811378215762	0.175394552832334	55	0.0153224275669011	0.19827667681081	78768400	91104700	0.686907082596038	3	1
1	19	6321	608	-0.0378727196782482	0.176961879659031	50	-0.048133075150967	0.168691995134854	91105700	93579800	0.648826633386413	3	1
1	20	17011	1003	0.0297790688341557	0.180927007663633	55	0.0153224275669011	0.19827667681081	93580200	100059226	0.686907082596038	3	1
1	21	33781	2714	-0.0299538002403503	0.176333263830138	47	-0.048133075150967	0.193216234549972	100059600	113534900	0.664820668912117	3	1
1	22	18811	1431	-0.448351714944726	-0.0991623639231029	21	-0.474587489512359	-0.0972736894239345	113535467	121164203	1	2	1
1	23	530	9	-0.691366016020623	0.036116286366375	14	-0.718340103429442	NA	121165072	142960400	0.333217666439977	1	0
1	24	138	2	-0.37302495448152	-0.108421929951234	34	-0.358525112652007	NA	142964700	143543900	NA	2	NA
1	25	416	19	0.251904028492465	0.643190370188842	77	0.253241821558344	NA	143879900	144999019	0.654510480812549	4	NA
1	26	10590	677	0.422635518434353	0.166263207018539	92	0.419821074572097	0.160078801799055	144999500	152105700	0.56373650614739	5	2
1	27	1067	83	0.324859196203791	0.667933349490949	83	0.308386542510142	0.584612653292709	152106000	152541062	0.686907082596038	4	1
1	28	41	7	0.427390219045628	-0.0588789511763739	94	0.419821074572097	NA	152541800	152555005	0.556799587140624	5	NA
1	29	3019	292	0.495888431379317	0.210117804859721	100	0.515196657072297	0.18693597709518	152555100	153693600	0.478136165676001	6	2
1	30	6090	422	0.41870396596462	0.149842698589638	92	0.419821074572097	0.160078801799055	153693900	155997991	0.56373650614739	5	2
1	31	4860	484	0.282290905154252	0.589490185928318	83	0.308386542510142	0.584612653292709	155998500	157728600	0.686907082596038	4	1
1	32	994	57	0.444742990161773	0.207697745864037	96	0.461564236189994	0.150122255140272	157729100	158071100	0.595583868176838	5	2
1	33	555	18	0.286653585253684	0.736553260711336	85	0.308386542510142	NA	158071400	158301500	0.684997191357165	4	NA
1	34	1657	196	0.499766015014523	0.150831208416041	100	0.515196657072297	0.18693597709518	158301827	158973800	0.478136165676001	6	2
1	35	1069	46	0.303199945161456	0.517793614816552	83	0.308386542510142	0.584612653292709	158974279	159387600	0.686907082596038	4	1
1	36	4270	230	0.452158722197467	0.149850292366845	96	0.461564236189994	0.150122255140272	159388076	160959042	0.595583868176838	5	2
1	37	1440	47	0.347647764164525	0.170846633095803	84	0.308386542510142	0.170846633095803	160959300	161669100	0.376138829669552	6	2
1	38	3057	189	0.454408485292	0.156415708355698	96	0.461564236189994	0.150122255140272	161669500	162752400	0.595583868176838	5	2
1	39	1984	221	0.330117579268635	0.579395462644495	83	0.308386542510142	0.584612653292709	162754500	163489688	0.686907082596038	4	1
1	40	4208	416	0.474509054959077	0.139273577787561	96	0.461564236189994	0.150122255140272	163490010	165052600	0.595583868176838	5	2
1	41	111	6	0.370253094882779	0.488479831079546	91	0.378527827033182	NA	165053158	165098591	0.686907082596038	4	NA
1	42	9118	635	0.28844873670277	0.616144405645801	80	0.308386542510142	0.688465696586477	165099000	168377400	0.686907082596038	4	1
1	43	6112	543	0.348513313064537	0.574750847781953	83	0.308386542510142	0.584612653292709	168377689	170731864	0.686907082596038	4	1
1	44	6075	387	0.615129154713998	-0.00576416597676473	107	0.615380701159755	0.0215444041726051	170732429	173014400	0.686907082596038	5	2
1	45	14	1	0.260363049673734	0.676233626179818	77	0.253241821558344	NA	173014654	173019800	0.654510480812549	4	NA
1	46	31402	2149	-0.0430030776622329	4.23459956309911	48	-0.048133075150967	4.29379639872824	173020270	184628100	0.686907082596038	3	0
1	47	33831	2362	0.00697424796352697	4.17158070148981	56	0.0153224275669011	4.18107944310457	184628300	198244400	0.686907082596038	3	0
1	48	2016	180	0.0971316185886843	4.40386514422452	67	0.127089920555771	4.74224878083128	198244641	199058900	0.686907082596038	3	0
1	49	1663	168	0.0374683571793494	4.07295624579364	56	0.0153224275669011	4.18107944310457	199059900	199712537	0.686907082596038	3	0
1	50	328	21	-0.0388554787788231	5.13989255307289	51	-0.048133075150967	4.51275009801922	199712800	199840027	0.686907082596038	3	0
1	51	36853	3112	-0.0603286624487157	4.31442932446645	48	-0.048133075150967	4.29379639872824	199840300	213724500	0.686907082596038	3	0
1	52	39501	3097	-0.0279407932618388	4.29966081322702	48	-0.048133075150967	4.29379639872824	213724690	228566636	0.686907082596038	3	0
1	53	884	95	-0.18053477378652	4.12633934943828	41	-0.207756914615858	4.12633934943828	228567000	228923320	0.686907082596038	3	0
1	54	17533	1792	-0.0258016612460223	4.36267634723949	48	-0.048133075150967	4.29379639872824	228923822	235190800	0.686907082596038	3	0
1	55	20835	1789	-0.0861230015142288	4.11356606375638	49	-0.048133075150967	4.11406383970389	235190925	243402143	0.686907082596038	3	0
1	56	14327	1408	-0.0331560880027841	4.24290680092722	48	-0.048133075150967	4.29379639872824	243402500	249149486	0.686907082596038	3	0
1	57	155	3	0.249986701911526	4.07659963225559	77	0.253241821558344	NA	249149700	249228400	0.654510480812549	4	NA
2	58	2993	414	0.0389493941990679	0.210495496988781	55	0.0153224275669011	0.19827667681081	11846	1134800	0.686907082596038	3	1
2	59	16813	1900	-0.0428851815189842	0.202449328456843	47	-0.048133075150967	0.193216234549972	1135124	7339196	0.664820668912117	3	1
2	60	5665	442	0.0273323343505312	0.185782179013318	55	0.0153224275669011	0.19827667681081	7339300	9360600	0.686907082596038	3	1
2	61	7972	712	-0.0420268140702153	0.189080830434898	47	-0.048133075150967	0.193216234549972	9360900	12125523	0.664820668912117	3	1
2	62	5833	401	0.0194911176232583	0.176096503473739	55	0.0153224275669011	0.19827667681081	12125767	14397700	0.686907082596038	3	1
2	63	6674	510	-0.0781808382503276	0.187609195237764	47	-0.048133075150967	0.193216234549972	14398300	16815759	0.664820668912117	3	1
2	64	15836	1224	-0.0109922423418446	0.183053369970536	50	-0.048133075150967	0.168691995134854	16816000	22602700	0.648826633386413	3	1
2	65	15293	1390	-0.0756201401622804	0.177808207300965	47	-0.048133075150967	0.193216234549972	22603300	28073894	0.664820668912117	3	1
2	66	11589	725	-0.030065665993266	0.194067989052058	47	-0.048133075150967	0.193216234549972	28074399	32205600	0.664820668912117	3	1
2	67	7650	685	-0.0856412499723195	0.198243300561911	47	-0.048133075150967	0.193216234549972	32206045	35156000	0.664820668912117	3	1
2	68	33013	3046	-0.0276869820206272	0.190443728353369	47	-0.048133075150967	0.193216234549972	35156100	47368210	0.664820668912117	3	1
2	69	11945	827	-0.0661735068079563	0.201786794818055	47	-0.048133075150967	0.193216234549972	47368600	51781880	0.664820668912117	3	1
2	70	23389	2154	-0.0112753737878031	0.190151997262929	47	-0.048133075150967	0.193216234549972	51782340	60625900	0.664820668912117	3	1
2	71	6004	265	-0.0747634981419485	0.152180248878545	50	-0.048133075150967	0.168691995134854	60626100	62887887	0.648826633386413	3	1
2	72	18032	1489	-0.00440453134664495	0.186332870785626	55	0.0153224275669011	0.19827667681081	62888300	69606327	0.686907082596038	3	1
2	73	40915	3235	-0.0380438707204163	0.19516101489627	47	-0.048133075150967	0.193216234549972	69606700	85046700	0.664820668912117	3	1
2	74	8324	674	-0.0857377266011566	0.158233804828276	50	-0.048133075150967	0.168691995134854	85047100	89307500	0.648826633386413	3	1
2	75	414	9	-0.307886460498664	-0.0722682012760788	37	-0.304364091728926	NA	89308442	91761700	NA	2	NA
2	76	225	8	0.0402536449727116	0.0503487966762357	59	0.0153224275669011	NA	91762300	91853311	0.686907082596038	3	NA
2	77	435	4	-0.388366660796306	-0.0206034687711578	30	-0.418126474797966	NA	91865500	95496948	NA	2	NA
2	78	4728	83	-0.107616219718738	0.17525401612548	43	-0.121454701579449	0.185097716845639	95500800	98260700	0.530999357402102	3	1
2	79	66494	5418	-0.0365818021215614	0.201482653099962	47	-0.048133075150967	0.193216234549972	98261200	124787137	0.664820668912117	3	1
2	80	15958	1350	-0.0686719835901653	0.182791003480047	47	-0.048133075150967	0.193216234549972	124787401	130615000	0.664820668912117	3	1
2	81	3737	224	-0.136924330660759	0.142384965166348	43	-0.121454701579449	0.185097716845639	130615400	133416500	0.530999357402102	3	1
2	82	11444	804	-0.0847718338570977	0.21214840288951	47	-0.048133075150967	0.193216234549972	133416828	137608900	0.664820668912117	3	1
2	83	12617	1298	-0.0371053555419613	0.184090746241784	47	-0.048133075150967	0.193216234549972	137609226	142493268	0.664820668912117	3	1
2	84	7367	631	-0.000357714211461801	0.174242301913673	55	0.0153224275669011	0.19827667681081	142493645	145318700	0.686907082596038	3	1
2	85	4852	144	0.0574759292693781	0.169375896434469	63	0.0693643626522609	0.151346796575987	145319073	147236300	0.686907082596038	3	1
2	86	11658	612	-0.0105685158808917	0.19324941709837	47	-0.048133075150967	0.193216234549972	147236600	151791600	0.664820668912117	3	1
2	87	8400	562	-0.0559240781433778	0.203074715174767	47	-0.048133075150967	0.193216234549972	151792100	155035443	0.664820668912117	3	1
2	88	38966	2890	0.00268598904097354	0.203236262476704	55	0.0153224275669011	0.19827667681081	155035654	170089934	0.686907082596038	3	1
2	89	26964	2055	-0.0415574352786057	0.18001392339322	47	-0.048133075150967	0.193216234549972	170090331	180252562	0.664820668912117	3	1
2	90	8126	780	0.0205752511606689	0.196381035030587	55	0.0153224275669011	0.19827667681081	180257200	183365200	0.686907082596038	3	1
2	91	4531	334	-0.0520149863551921	0.215068406160876	47	-0.048133075150967	0.193216234549972	183365600	185156510	0.664820668912117	3	1
2	92	26579	1481	0.00678003179560865	0.186037650826787	55	0.0153224275669011	0.19827667681081	185157203	195800500	0.686907082596038	3	1
2	93	18161	877	-0.0294571050452105	0.195002678018854	47	-0.048133075150967	0.193216234549972	195801138	202683300	0.664820668912117	3	1
2	94	5404	287	-0.0969403023720477	0.195127822227202	47	-0.048133075150967	0.193216234549972	202683600	204744948	0.664820668912117	3	1
2	95	36993	2759	-0.0362295301798534	0.187488320541627	47	-0.048133075150967	0.193216234549972	204745213	218667100	0.664820668912117	3	1
2	96	5206	373	-0.0925531508944768	0.189046032070775	47	-0.048133075150967	0.193216234549972	218667551	220456970	0.664820668912117	3	1
2	97	793	106	-0.0433556073726103	0.231696715898483	47	-0.048133075150967	0.193216234549972	220457900	220725300	0.664820668912117	3	1
2	98	6718	359	-0.00314247700557265	0.255412818343449	55	0.0153224275669011	0.19827667681081	220725793	223182200	0.686907082596038	3	1
2	99	7981	620	-0.0492897539418327	0.17406612840022	50	-0.048133075150967	0.168691995134854	223182700	226082500	0.648826633386413	3	1
2	100	5377	378	0.00202603584948302	0.232257243000988	55	0.0153224275669011	0.19827667681081	226083076	228093500	0.686907082596038	3	1
2	101	17541	1465	-0.0565959934934499	0.205110058238214	47	-0.048133075150967	0.193216234549972	228093936	234577500	0.664820668912117	3	1
2	102	7829	723	-0.0113774936457147	0.21665119649264	47	-0.048133075150967	0.193216234549972	234577900	237304600	0.664820668912117	3	1
2	103	13968	1621	0.0454575673155644	0.195576946476	55	0.0153224275669011	0.19827667681081	237305400	242134000	0.686907082596038	3	1
2	104	178	2	-0.0284049616451003	0.177622956256148	53	-0.048133075150967	NA	242134400	242193419	0.684793484474088	3	NA
3	105	21544	2135	-0.428390405043808	-0.100018553698771	28	-0.418126474797966	-0.0995663823961078	63196	8099844	1	2	1
3	106	23892	2016	-0.471661873033358	-0.0937150387615848	21	-0.474587489512359	-0.0972736894239345	8100260	16492900	1	2	1
3	107	7566	461	-0.409896434822572	-0.0992935363531556	28	-0.418126474797966	-0.0995663823961078	16493148	19402700	1	2	1
3	108	12854	1262	-0.488649274486972	-0.102318101726009	21	-0.474587489512359	-0.0972736894239345	19403000	24309000	1	2	1
3	109	2711	208	-0.407987860672349	-0.0965972704364954	28	-0.418126474797966	-0.0995663823961078	24309741	25301406	1	2	1
3	110	9315	829	-0.488559395903921	-0.102086680493498	21	-0.474587489512359	-0.0972736894239345	25301800	28807441	1	2	1
3	111	546	16	-0.456663986025126	-0.104946137558206	26	-0.474587489512359	NA	28807700	29010273	NA	2	NA
3	112	7173	621	-0.389592738906548	-0.10334083723888	28	-0.418126474797966	-0.0995663823961078	29010500	31680700	1	2	1
3	113	7040	408	-0.503330958062426	-0.102386383102575	21	-0.474587489512359	-0.0972736894239345	31681328	34295231	1	2	1
3	114	34491	2865	-0.454437968810625	-0.0873868737947088	21	-0.474587489512359	-0.0972736894239345	34295393	46932600	1	2	1
3	115	31116	1907	-0.507307149975487	-0.0924844019915068	21	-0.474587489512359	-0.0972736894239345	46932900	58218000	1	2	1
3	116	35351	3017	-0.467333922854747	-0.102742563074324	21	-0.474587489512359	-0.0972736894239345	58218056	71170700	1	2	1
3	117	28866	2494	-0.507887354116294	-0.0921634934987061	22	-0.474587489512359	-0.059050054776686	71171300	82717700	1	2	1
3	118	12194	934	-0.452665404756838	-0.103816515763777	21	-0.474587489512359	-0.0972736894239345	82718361	87577951	1	2	1
3	119	139	4	0.250748947356187	0.84635794812808	77	0.253241821558344	NA	87578400	87641800	0.654510480812549	4	NA
3	120	580	51	-0.466743723811179	-0.148209616616079	21	-0.474587489512359	-0.0972736894239345	87642956	87878381	1	2	1
3	121	118	16	0.220785818512818	0.441284820633504	73	0.211971305316059	NA	87878888	87930300	0.589711831096773	4	NA
3	122	836	62	-0.468497506717421	-0.0799487982718253	22	-0.474587489512359	-0.059050054776686	87930600	88270808	1	2	1
3	123	546	45	0.252131557662161	0.696366131389182	75	0.253241821558344	0.665449025451301	88271800	88473500	0.642739382752705	4	1
3	124	4174	129	-0.0675481372970916	0.235285654518375	47	-0.048133075150967	0.193216234549972	88473595	90154400	0.664820668912117	3	1
3	125	1081	27	-0.345079928841191	0.317047891270008	33	-0.358525112652007	0.317047891270008	90154673	93758000	0.201289741728305	3	0
3	126	7623	858	-0.0478058126954013	0.178962779345982	47	-0.048133075150967	0.193216234549972	93759193	96836934	0.664820668912117	3	1
3	127	29709	2548	0.00948686890546078	0.199012672686858	55	0.0153224275669011	0.19827667681081	96837200	108331766	0.686907082596038	3	1
3	128	94	4	-0.0224539129853258	0.249220989667371	53	-0.048133075150967	NA	108332100	108369300	0.684793484474088	3	NA
3	129	2969	195	-0.0767884589543266	0.151755488583587	50	-0.048133075150967	0.168691995134854	108370300	109520700	0.648826633386413	3	1
3	130	2049	168	0.020211380706647	0.307222703244667	57	0.0153224275669011	0.371101943763328	109521072	110341600	0.686907082596038	3	1
3	131	6885	634	0.610083894159482	1.21710945493616	109	0.615380701159755	1.21710945493616	110341877	112975154	0.686907082596038	5	1
3	132	825	163	0.292932456773103	0.63883454204418	80	0.308386542510142	0.688465696586477	112975700	113285686	0.686907082596038	4	1
3	133	270	22	0.561923233161184	1.21751780240478	104	0.560575977169063	1.21751780240478	113286200	113383000	0.686907082596038	5	1
3	134	3238	162	0.294835188496337	0.696920443987785	80	0.308386542510142	0.688465696586477	113383400	114600000	0.686907082596038	4	1
3	135	9890	695	-0.434732599091263	-0.097331183882525	28	-0.418126474797966	-0.0995663823961078	114600700	118292678	1	2	1
3	136	44459	3170	-0.474714776707437	-0.0991951786220421	21	-0.474587489512359	-0.0972736894239345	118293600	134887500	1	2	1
3	137	10190	379	0.240536288939995	0.650753425752293	75	0.253241821558344	0.665449025451301	134887780	138841781	0.642739382752705	4	1
3	138	7021	567	0.294204010516553	0.655438045300001	80	0.308386542510142	0.688465696586477	138842092	141387500	0.686907082596038	4	1
3	139	3507	270	0.253951169845047	0.597562021990845	75	0.253241821558344	0.665449025451301	141387773	142724984	0.642739382752705	4	1
3	140	25714	1872	0.328615607390033	0.692228968433215	80	0.308386542510142	0.688465696586477	142725390	152588596	0.686907082596038	4	1
3	141	37619	2896	0.303157165484949	0.701876866932798	80	0.308386542510142	0.688465696586477	152588864	167395800	0.686907082596038	4	1
3	142	29030	2116	0.332314420598449	0.6831754559258	80	0.308386542510142	0.688465696586477	167396500	178493113	0.686907082596038	4	1
3	143	149	18	0.302111686967057	0.595874845603235	85	0.308386542510142	NA	178493313	178545249	0.684997191357165	4	NA
3	144	21919	1390	0.255411800944471	0.681449311339118	75	0.253241821558344	0.665449025451301	178545666	186647576	0.642739382752705	4	1
3	145	6587	538	0.338676591248301	0.708504607968821	80	0.308386542510142	0.688465696586477	186648117	189054525	0.686907082596038	4	1
3	146	4742	479	0.39183974237658	0.752335323824385	87	0.378527827033182	0.752335323824385	189054700	190808502	0.686907082596038	4	1
3	147	18468	1746	0.321820061503882	0.69242612364644	80	0.308386542510142	0.688465696586477	190808891	197897100	0.686907082596038	4	1
4	148	323	3	-0.16611228749054	0.945937825376874	46	-0.121454701579449	NA	27300	150100	0.487556740233666	3	NA
4	149	9442	795	-0.402668597768393	3.03621020563464	27	-0.418126474797966	2.98967276634863	150500	3565013	0.686907082596038	2	0
4	150	236	38	0.0765438004533651	0.826872341812381	61	0.0693643626522609	0.398566897190771	3572693	3649292	0.450339553873016	4	1
4	151	14916	1752	-0.476304820112438	3.00374493077843	20	-0.474587489512359	2.92278590482617	3649800	8932409	0.686907082596038	2	0
4	152	349	1	-0.806999591100848	4.56469092820406	12	-0.806999591100848	NA	8932472	9804100	0.431727828645068	1	0
4	153	18746	1754	-0.45278066944238	2.90427834372074	20	-0.474587489512359	2.92278590482617	9804277	16743400	0.686907082596038	2	0
4	154	25379	1993	-0.498751539525033	2.85227646458321	20	-0.474587489512359	2.92278590482617	16744146	26059200	0.686907082596038	2	0
4	155	32468	2295	-0.448818323038452	2.96978001944811	20	-0.474587489512359	2.92278590482617	26059648	38613300	0.686907082596038	2	0
4	156	93	11	-0.386862384285723	2.19807908757905	30	-0.418126474797966	NA	38613800	38651003	NA	2	NA
4	157	26518	1776	-0.489870520970769	2.97267522490693	20	-0.474587489512359	2.92278590482617	38651216	48756197	0.686907082596038	2	0
4	158	2729	162	-0.600595352555712	3.21035772128619	17	-0.602866066680961	3.10524697740691	48756243	53352470	0.686907082596038	2	0
4	159	38516	2875	-0.484811186063914	2.86440548564867	20	-0.474587489512359	2.92278590482617	53353000	68528061	0.686907082596038	2	0
4	160	8499	628	-0.465949750383245	2.86136984883921	20	-0.474587489512359	2.92278590482617	68528400	72354645	0.686907082596038	2	0
4	161	8767	475	-0.415624232313152	2.92121998227319	27	-0.418126474797966	2.98967276634863	72355224	75920200	0.686907082596038	2	0
4	162	8970	824	-0.466065182056382	3.15620720053719	23	-0.474587489512359	3.15620720053719	75920320	79311816	0.686907082596038	2	0
4	163	9154	526	-0.403898354493771	2.97010716218477	27	-0.418126474797966	2.98967276634863	79312200	82852500	0.686907082596038	2	0
4	164	18954	1451	-0.476678936787824	3.03903985794172	20	-0.474587489512359	2.92278590482617	82852800	90147259	0.686907082596038	2	0
4	165	45578	3408	-0.430913996365794	3.00207368957267	27	-0.418126474797966	2.98967276634863	90147600	108339378	0.686907082596038	2	0
4	166	14570	1126	-0.494204296467251	2.89031392320237	20	-0.474587489512359	2.92278590482617	108340099	113937500	0.686907082596038	2	0
4	167	26613	2399	-0.453117179862525	2.85943853671182	20	-0.474587489512359	2.92278590482617	113937700	124736492	0.686907082596038	2	0
4	168	4368	327	-0.401106239287044	2.98582863250046	27	-0.418126474797966	2.98967276634863	124736602	126434087	0.686907082596038	2	0
4	169	76478	5486	-0.464595169298815	2.91186181968095	20	-0.474587489512359	2.92278590482617	126434400	156729600	0.686907082596038	2	0
4	170	6029	529	-0.399565443232928	3.05856836662769	27	-0.418126474797966	2.98967276634863	156731200	159094500	0.686907082596038	2	0
4	171	19930	1775	-0.470909989071888	2.85044623737425	20	-0.474587489512359	2.92278590482617	159094800	166927900	0.686907082596038	2	0
4	172	6237	392	-0.406515270913356	3.04899641615252	27	-0.418126474797966	2.98967276634863	166928100	169449244	0.686907082596038	2	0
4	173	22203	1427	-0.449445475056772	2.82560016090444	20	-0.474587489512359	2.92278590482617	169449575	178100000	0.686907082596038	2	0
4	174	30674	3128	-0.480844432190052	2.87770277964804	20	-0.474587489512359	2.92278590482617	178100400	189582476	0.686907082596038	2	0
4	175	1839	256	-0.399614142574536	3.00948597891437	27	-0.418126474797966	2.98967276634863	189583100	190328582	0.686907082596038	2	0
4	176	322	4	-0.462111028580404	4.66768674406511	26	-0.474587489512359	NA	190328711	190460500	NA	2	NA
4	177	790	89	-0.490421358630498	0.201372395666881	22	-0.474587489512359	-0.059050054776686	190460934	190710300	1	2	1
4	178	462	47	-0.593564449710207	2.62134174414251	17	-0.602866066680961	3.10524697740691	190710583	191034000	0.686907082596038	2	0
5	179	14335	1651	0.574793438191888	0.0206482037736765	102	0.560575977169063	0.0227507614191752	13763	5289592	0.686907082596038	5	2
5	180	19181	1902	0.530816643614794	0.0190067944161231	98	0.515196657072297	0.0257590833584099	5290000	12173000	0.645979586336921	5	2
5	181	12102	584	0.561735362315888	0.0313613253011544	102	0.560575977169063	0.0227507614191752	12173300	16583400	0.686907082596038	5	2
5	182	2891	225	0.395151659499562	0.0450109418541727	89	0.378527827033182	0.00790566127922492	16583800	17780907	0.686907082596038	4	2
5	183	3975	404	0.539217729925148	0.0194957993237294	98	0.515196657072297	0.0257590833584099	17781633	19352356	0.645979586336921	5	2
5	184	16649	1127	0.51011857696067	0.00902226822773874	98	0.515196657072297	0.0257590833584099	19353437	26476800	0.645979586336921	5	2
5	185	12577	1021	0.559683238497641	0.0201130267677451	102	0.560575977169063	0.0227507614191752	26482600	31483400	0.686907082596038	5	2
5	186	3778	379	0.453549907506938	0.0367814180664572	95	0.461564236189994	0.0321810840313293	31483621	32831255	0.604183369965563	5	2
5	187	26131	1990	0.561622759818476	0.0107664990111448	102	0.560575977169063	0.0227507614191752	32831726	42996189	0.686907082596038	5	2
5	188	7186	269	0.380881751132644	-0.0720298417635139	86	0.378527827033182	-0.0848297698677372	42996500	45820885	0.686907082596038	4	2
5	189	400	26	0.20037102186268	-0.115817178494868	71	0.211971305316059	-0.0933026392514241	45821100	45990587	0.599979137020691	4	2
5	190	998	151	-0.0167219717247865	-0.0559812434426202	52	-0.048133075150967	-0.0329869379546895	45990968	46405055	0.35252436900841	4	2
5	191	532	74	-0.258457962901496	0.330360531856102	38	-0.248001524531455	0.209425087800077	49414500	49741203	0.496974510149306	3	1
5	192	60	3	-0.0443555775266	-0.113625812684955	53	-0.048133075150967	NA	49744200	49844600	0.684793484474088	3	NA
5	193	7525	518	0.15055838847731	0.357109712855309	64	0.127089920555771	0.386655178674896	49844900	52878800	0.50503102608639	4	1
5	194	10083	690	0.105257869767064	0.41904508430114	64	0.127089920555771	0.386655178674896	52879200	56670237	0.50503102608639	4	1
5	195	6577	531	0.188932849812367	0.370318918007074	72	0.211971305316059	0.38916590607568	56670847	59205400	0.573733962157319	4	1
5	196	839	44	-0.398263220075721	-0.0752361439109386	28	-0.418126474797966	-0.0995663823961078	59205793	59533800	1	2	1
5	197	22704	1566	0.129733560761289	0.411912716956763	64	0.127089920555771	0.386655178674896	59534400	68240628	0.50503102608639	4	1
5	198	1589	103	0.0348863276375709	0.319232145602361	57	0.0153224275669011	0.371101943763328	68241003	70748032	0.686907082596038	3	1
5	199	19431	1596	0.125833292291831	0.385643856395193	64	0.127089920555771	0.386655178674896	70748275	77931453	0.50503102608639	4	1
5	200	7344	661	0.0414840431801357	0.385726801209617	57	0.0153224275669011	0.371101943763328	77931841	80708300	0.686907082596038	3	1
5	201	25959	1621	0.139274686440682	0.401691616274611	64	0.127089920555771	0.386655178674896	80708400	91005372	0.50503102608639	4	1
5	202	4186	183	0.20352170987473	0.445897956913626	72	0.211971305316059	0.38916590607568	91005715	92718100	0.573733962157319	4	1
5	203	13522	934	0.148462290577219	0.344124642926769	64	0.127089920555771	0.386655178674896	92718552	97979980	0.50503102608639	4	1
5	204	8744	314	0.10104483256507	0.360329809723684	64	0.127089920555771	0.386655178674896	97980288	101811086	0.50503102608639	4	1
5	205	15143	1223	0.151994091739427	0.35892065546587	64	0.127089920555771	0.386655178674896	101811400	107685800	0.50503102608639	4	1
5	206	39371	3021	0.115001055576092	0.385586925669243	64	0.127089920555771	0.386655178674896	107686300	122718239	0.50503102608639	4	1
5	207	7437	676	0.162115351400411	0.376539291240625	64	0.127089920555771	0.386655178674896	122718500	125538326	0.50503102608639	4	1
5	208	1890	190	0.071645699469206	0.368277315010056	61	0.0693643626522609	0.398566897190771	125538461	126235624	0.450339553873016	4	1
5	209	9527	703	0.134514422351518	0.370911086979431	64	0.127089920555771	0.386655178674896	126236000	129893569	0.50503102608639	4	1
5	210	12100	858	0.090766842088233	0.352162236935775	64	0.127089920555771	0.386655178674896	129894100	134393000	0.50503102608639	4	1
5	211	7337	527	0.150669296688256	0.430024016591961	64	0.127089920555771	0.386655178674896	134393500	136970484	0.50503102608639	4	1
5	212	13895	960	0.0704304927166106	0.414343964658123	61	0.0693643626522609	0.398566897190771	136971000	142054379	0.450339553873016	4	1
5	213	23036	1765	0.136029538642088	0.413603281068651	64	0.127089920555771	0.386655178674896	142054600	150479767	0.50503102608639	4	1
5	214	19518	1561	0.0669153284774275	0.388538099860798	61	0.0693643626522609	0.398566897190771	150480200	157588700	0.450339553873016	4	1
5	215	4644	360	0.13713162002366	0.373242000260669	64	0.127089920555771	0.386655178674896	157589000	159290234	0.50503102608639	4	1
5	216	8336	610	0.0789507628076449	0.382281338009502	61	0.0693643626522609	0.398566897190771	159290500	162469800	0.450339553873016	4	1
5	217	9847	879	0.035404898170928	0.382756839843602	57	0.0153224275669011	0.371101943763328	162470400	166296453	0.686907082596038	3	1
5	218	18818	1666	0.0788377953948318	0.393558354122986	61	0.0693643626522609	0.398566897190771	166296603	172924226	0.450339553873016	4	1
5	219	20146	1851	0.106606269763272	0.384870281112667	64	0.127089920555771	0.386655178674896	172924644	180739300	0.50503102608639	4	1
6	220	295	2	-1.01995548870232	2.85710861305211	10	-1.04494864975979	NA	148300	256197	0.638952687169122	1	0
6	221	426	29	-0.476004007978559	0.308880035322359	25	-0.474587489512359	0.238203556909938	256765	382200	0.239299102770997	2	0
6	222	31	4	-1.13286110727164	1.80901943073714	7	-1.13286110727164	NA	382537	391591	0.686907082596038	1	0
6	223	5676	386	-0.968016619423578	1.37996762144627	11	-0.968016619423578	1.37996762144627	391888	2431462	0.686445882239953	1	0
6	224	7775	731	-1.03864222747925	1.46932713983479	9	-1.04494864975979	1.4042102166619	2432091	5156600	0.686907082596038	1	0
6	225	1055	130	-0.435469734964446	3.03405616405134	27	-0.418126474797966	2.98967276634863	5156809	5524206	0.686907082596038	2	0
6	226	13163	1005	-0.0198034234537163	4.35708705732335	48	-0.048133075150967	4.29379639872824	5524514	10423334	0.686907082596038	3	0
6	227	1993	177	-0.10055887866151	4.13498487793507	49	-0.048133075150967	4.11406383970389	10423600	11130834	0.686907082596038	3	0
6	228	10160	754	-0.0191148540117343	4.34303428297451	48	-0.048133075150967	4.29379639872824	11131765	14783800	0.686907082596038	3	0
6	229	10436	901	-0.0781909226651337	4.156670483129	49	-0.048133075150967	4.11406383970389	14784600	18585850	0.686907082596038	3	0
6	230	9326	788	-0.0510322729057489	4.34987699034911	48	-0.048133075150967	4.29379639872824	18586300	22059200	0.686907082596038	3	0
6	231	3502	362	0.00926241826916372	4.32432643037934	54	0.0153224275669011	4.39555132986009	22059569	23422200	0.686907082596038	3	0
6	232	33907	3600	-0.0571078739670035	4.2913225957865	48	-0.048133075150967	4.29379639872824	23422500	36592200	0.686907082596038	3	0
6	233	1347	129	-0.468429265039574	2.8833825110954	20	-0.474587489512359	2.92278590482617	36592384	37050426	0.686907082596038	2	0
6	234	19012	1400	-0.0595609295684293	4.19392014165034	49	-0.048133075150967	4.11406383970389	37050600	43743507	0.686907082596038	3	0
6	235	6228	368	0.323757670846787	5.51676415879396	81	0.308386542510142	5.40138840516578	43743800	46002500	0.686907082596038	4	0
6	236	29312	2082	-0.432857370384783	3.02909724313858	27	-0.418126474797966	2.98967276634863	46003000	57194423	0.686907082596038	2	0
6	237	14	3	-0.661689537038457	0.698427686127529	16	-0.660757996524989	NA	57194611	57206129	0.257968092596802	1	0
6	238	1387	139	-0.450620595283625	0.0337553149840985	22	-0.474587489512359	-0.059050054776686	57206545	57671200	1	2	1
6	239	1529	12	-0.714745001165845	2.86788152835978	14	-0.718340103429442	NA	57671351	62381600	0.333217666439977	1	0
6	240	28547	2406	-0.464858819549861	2.86351999367426	20	-0.474587489512359	2.92278590482617	62383179	73795734	0.686907082596038	2	0
6	241	1749	94	-0.556886986962006	3.09264404664762	18	-0.537421023903023	2.9066180996692	73796300	74466100	0.686907082596038	2	0
6	242	28765	1765	-0.460893648683245	2.91780357236833	20	-0.474587489512359	2.92278590482617	74466200	85884039	0.686907082596038	2	0
6	243	12615	790	-0.500590051994709	2.95302325731638	20	-0.474587489512359	2.92278590482617	85884366	90770637	0.686907082596038	2	0
6	244	14087	1247	-0.459287512700234	2.84032254464216	20	-0.474587489512359	2.92278590482617	90771100	96390439	0.686907082596038	2	0
6	245	10552	820	-0.509696740883106	2.68217126920145	24	-0.474587489512359	2.72990652272875	96390694	100443943	0.684383893347591	2	0
6	246	30595	2215	-0.466012787690632	2.95651618733515	20	-0.474587489512359	2.92278590482617	100444400	112255156	0.686907082596038	2	0
6	247	12325	841	-0.42586552512135	3.00417153083603	27	-0.418126474797966	2.98967276634863	112255400	117043431	0.686907082596038	2	0
6	248	24822	1363	-0.46619602778463	2.83417204602762	20	-0.474587489512359	2.92278590482617	117043969	126565408	0.686907082596038	2	0
6	249	9743	520	-0.413854304999932	3.0677628537294	27	-0.418126474797966	2.98967276634863	126565800	130418492	0.686907082596038	2	0
6	250	26373	1732	-0.44834595213183	2.92229190122349	20	-0.474587489512359	2.92278590482617	130418817	140238780	0.686907082596038	2	0
6	251	19521	1313	-0.417840741253919	2.96415734342025	27	-0.418126474797966	2.98967276634863	140239300	147721000	0.686907082596038	2	0
6	252	20873	2043	-0.481549600889754	3.01883962359835	20	-0.474587489512359	2.92278590482617	147721418	155463388	0.686907082596038	2	0
6	253	5583	392	-0.419448787361924	2.84340048464061	27	-0.418126474797966	2.98967276634863	155463800	157543100	0.686907082596038	2	0
6	254	3064	376	-0.472554675755057	3.00103877156102	20	-0.474587489512359	2.92278590482617	157543303	158718800	0.686907082596038	2	0
6	255	1187	124	-1.09805877529427	1.26886941060715	8	-1.09028857231369	1.33178835498578	158719075	159156700	0.686907082596038	1	0
6	256	4777	377	-0.435073067495381	3.01347216516282	27	-0.418126474797966	2.98967276634863	159156927	160879700	0.686907082596038	2	0
6	257	940	62	-0.61306454163695	3.25547302750584	17	-0.602866066680961	3.10524697740691	160879977	161346890	0.686907082596038	2	0
6	258	3431	300	-0.470165438871086	2.96529983254807	20	-0.474587489512359	2.92278590482617	161347000	162562110	0.686907082596038	2	0
6	259	814	103	-1.08707564624925	1.28768791249013	8	-1.09028857231369	1.33178835498578	162562300	162854346	0.686907082596038	1	0
6	260	7417	701	-0.456734639466806	2.81628939872996	24	-0.474587489512359	2.72990652272875	162854658	165566200	0.684383893347591	2	0
6	261	14263	1668	-0.389452263078262	3.00514407901657	27	-0.418126474797966	2.98967276634863	165566576	170886600	0.686907082596038	2	0
6	262	75	0	-0.467858684380736	0	26	-0.474587489512359	NA	170887100	170919300	NA	2	NA
7	263	12185	1616	0.33637279335104	-0.0810671959409935	79	0.308386542510142	-0.0924625189695492	24400	4299461	0.686907082596038	4	2
7	264	6374	489	0.209372145282784	-0.0952053087729387	71	0.211971305316059	-0.0933026392514241	4300778	7047037	0.599979137020691	4	2
7	265	8500	923	0.350551554824967	-0.0872851123947997	79	0.308386542510142	-0.0924625189695492	7047300	10333463	0.686907082596038	4	2
7	266	2937	335	0.254133716083285	-0.0949283615665014	74	0.253241821558344	-0.0965040656062921	10333867	11440208	0.64578543912893	4	2
7	267	25405	2470	0.342466019403859	-0.0938974401272696	79	0.308386542510142	-0.0924625189695492	11440500	21213100	0.686907082596038	4	2
7	268	9752	892	0.278515948386989	-0.0952555204437274	79	0.308386542510142	-0.0924625189695492	21213343	24883300	0.686907082596038	4	2
7	269	26665	1949	0.309681682473247	-0.0944373614555196	79	0.308386542510142	-0.0924625189695492	24883600	34897100	0.686907082596038	4	2
7	270	28784	1971	0.281966394763493	-0.0937499960808464	79	0.308386542510142	-0.0924625189695492	34897373	45939607	0.686907082596038	4	2
7	271	26040	2792	0.323665410537893	-0.0937105424961213	79	0.308386542510142	-0.0924625189695492	45939900	55628800	0.686907082596038	4	2
7	272	1198	84	0.137371427600147	-0.0941030187225467	66	0.127089920555771	-0.0354886475314277	55629136	56185000	0.336910575086021	5	2
7	273	1804	225	0.0495896816085068	-0.0738374462016312	60	0.0693643626522609	-0.0288648589401198	56185686	57703600	0.296967575939299	5	2
7	274	2185	84	-0.124496301572457	-0.0715053301008383	45	-0.121454701579449	-0.0715053301008383	57704796	62545100	0.26063971078754	4	2
7	275	4986	49	0.166339900885741	-0.0797454007297876	69	0.127089920555771	NA	62545500	66193607	0.540727521825694	4	2
7	276	7007	673	-0.214344027591217	0.191232746890672	40	-0.207756914615858	0.191571982734674	66193904	69071600	0.476372537860279	3	1
7	277	14641	1074	-0.158426602203219	0.203131769576956	43	-0.121454701579449	0.185097716845639	69072100	76134236	0.530999357402102	3	1
7	278	104	1	-0.268386895042899	-0.221635399776549	39	-0.248001524531455	NA	76134657	76812400	NA	2	NA
7	279	5369	269	-0.0344621146810242	0.219524206591822	47	-0.048133075150967	0.193216234549972	76812700	78825800	0.664820668912117	3	1
7	280	16333	1097	0.0153952900127077	0.200405552140945	55	0.0153224275669011	0.19827667681081	78826200	85339248	0.686907082596038	3	1
7	281	25926	1922	-0.0163115557951179	0.205941532018822	47	-0.048133075150967	0.193216234549972	85339700	95471600	0.664820668912117	3	1
7	282	40	0	-0.195159342899411	0	42	-0.207756914615858	NA	95472100	95484500	NA	2	NA
7	283	5038	240	-0.0466405902843663	0.175460621669046	50	-0.048133075150967	0.168691995134854	95485000	97399024	0.648826633386413	3	1
7	284	12030	958	-0.127926212415468	0.172943255010899	43	-0.121454701579449	0.185097716845639	97400400	102456721	0.530999357402102	3	1
7	285	30129	2021	-0.046099256602013	0.185668752320906	47	-0.048133075150967	0.193216234549972	102456900	114172151	0.664820668912117	3	1
7	286	21223	1308	0.00233011426755766	0.193962571494732	55	0.0153224275669011	0.19827667681081	114172528	122393100	0.686907082596038	3	1
7	287	39700	2726	-0.0501341675290018	0.189212467215251	47	-0.048133075150967	0.193216234549972	122393300	137428622	0.664820668912117	3	1
7	288	10578	1029	-0.107505653712255	0.195284003414422	43	-0.121454701579449	0.185097716845639	137429000	141308700	0.530999357402102	3	1
7	289	25365	1784	-0.0671362888087488	0.18740977267539	47	-0.048133075150967	0.193216234549972	141309000	151901391	0.664820668912117	3	1
7	290	8117	934	-0.0953975708205558	0.188596287986918	47	-0.048133075150967	0.193216234549972	151902883	155361928	0.664820668912117	3	1
7	291	10161	929	-0.000670771152178534	0.211188581929928	55	0.0153224275669011	0.19827667681081	155362200	159012300	0.686907082596038	3	1
7	292	221	2	0.247551510531475	0.578527314323782	77	0.253241821558344	NA	159012449	159124173	0.654510480812549	4	NA
8	293	7284	684	0.111535164644548	-0.0105939306899451	66	0.127089920555771	-0.0354886475314277	162501	2894889	0.336910575086021	5	2
8	294	30505	3874	0.0608660621107371	-0.0243883114913712	60	0.0693643626522609	-0.0288648589401198	2895986	15680770	0.296967575939299	5	2
8	295	75	23	-0.474561274024871	1.83722632286747	24	-0.474587489512359	2.72990652272875	15681009	15706720	0.684383893347591	2	0
8	296	22641	2373	0.0794259023753452	-0.0306504029273085	60	0.0693643626522609	-0.0288648589401198	15707100	23695200	0.296967575939299	5	2
8	297	2402	178	0.143727382952757	-0.0649117965049053	66	0.127089920555771	-0.0354886475314277	23695903	24596552	0.336910575086021	5	2
8	298	23297	1807	0.0718028457912411	-0.0346621970937362	60	0.0693643626522609	-0.0288648589401198	24597076	33067586	0.296967575939299	5	2
8	299	2788	235	-0.0340416824663753	-0.0187546350397004	52	-0.048133075150967	-0.0329869379546895	33067708	34079703	0.35252436900841	4	2
8	300	14535	870	0.0736962105882652	-0.0201214609060738	60	0.0693643626522609	-0.0288648589401198	34080000	39589700	0.296967575939299	5	2
8	301	10323	730	0.61213911230038	0.133646470893699	108	0.615380701159755	0.133646470893699	39589965	43426030	0.686907082596038	5	2
8	302	1029	32	0.38458894728139	0.170934486623805	90	0.378527827033182	0.172293071213121	43426300	46922059	0.411041371845834	6	2
8	303	248	29	0.547129627038274	0.367572569829696	103	0.560575977169063	0.367572569829696	46922400	47006152	0.686907082596038	5	2
8	304	1775	183	0.649034186924596	0.404852702701638	110	0.615380701159755	0.404852702701638	47006600	47680700	0.687086300324371	5	2
8	305	4467	128	0.819012379938779	0.392174291616048	116	0.845007204560804	0.392040098900131	47681700	49405800	0.687086300324371	6	2
8	306	13227	638	0.889501562911295	0.397160516933833	117	0.892981859262641	0.401174118336038	49406464	54410000	0.687086300324371	7	2
8	307	5774	489	0.847378962992055	0.389882209620628	116	0.845007204560804	0.392040098900131	54410994	56549900	0.687086300324371	6	2
8	308	2214	157	0.778518628273013	0.42770346049813	115	0.773687529681633	0.413914329763759	56550200	57371300	0.687086300324371	6	2
8	309	6566	558	0.844433603996875	0.347072013066645	116	0.845007204560804	0.392040098900131	57371794	59805558	0.687086300324371	6	2
8	310	10521	785	0.892981859262641	0.402056828368356	117	0.892981859262641	0.401174118336038	59805800	63808300	0.687086300324371	7	2
8	311	16604	939	0.852105102180433	0.371849168013461	116	0.845007204560804	0.392040098900131	63808770	70099361	0.687086300324371	6	2
8	312	17177	1299	0.819385863007551	0.390194391002092	116	0.845007204560804	0.392040098900131	70099731	76583400	0.687086300324371	6	2
8	313	5886	265	0.860105877102707	0.357807127899755	116	0.845007204560804	0.392040098900131	76583800	78914200	0.687086300324371	6	2
8	314	3939	237	0.907598621695431	0.409014756951701	117	0.892981859262641	0.401174118336038	78914300	80430200	0.687086300324371	7	2
8	315	13687	968	0.855519017670674	0.410348189026053	116	0.845007204560804	0.392040098900131	80430700	85705000	0.687086300324371	6	2
8	316	2924	213	0.777587255995413	0.392370936471576	115	0.773687529681633	0.413914329763759	85705200	87119900	0.687086300324371	6	2
8	317	9555	417	0.835357052962797	0.412222421344274	116	0.845007204560804	0.392040098900131	87120393	90868400	0.687086300324371	6	2
8	318	259	8	0.647471457717753	1.48171624252757	112	0.615380701159755	NA	90868798	90966372	0.687086300324371	5	NA
8	319	23404	1541	0.848769492398086	0.409757714618569	116	0.845007204560804	0.392040098900131	90966800	99759300	0.687086300324371	6	2
8	320	897	45	0.746226372850387	0.468349425051109	115	0.773687529681633	0.413914329763759	99759800	100106800	0.687086300324371	6	2
8	321	22290	1582	0.863410033124434	0.387546211429599	116	0.845007204560804	0.392040098900131	100107100	108512484	0.687086300324371	6	2
8	322	13408	998	0.827676699185001	0.410411138948584	116	0.845007204560804	0.392040098900131	108513067	113735200	0.687086300324371	6	2
8	323	2735	239	0.853679057971292	0.361406676669824	116	0.845007204560804	0.392040098900131	113735700	114818800	0.687086300324371	6	2
8	324	75	6	0.705540327580679	0.492071557267076	114	0.676167926419824	NA	114819900	114850877	0.687086300324371	6	NA
8	325	14485	939	1.07265580397696	0.735243509669606	120	1.06797346669631	0.719016592733582	114851234	120414300	0.687086300324371	8	2
8	326	17196	1391	1.04359423428606	0.698395553142564	120	1.06797346669631	0.719016592733582	120414648	126680261	0.687086300324371	7	2
8	327	26678	2503	1.07092473651185	0.720202188489004	120	1.06797346669631	0.719016592733582	126680658	136245900	0.687086300324371	8	2
8	328	11438	992	1.00962870327613	0.704108788057335	119	1.00962870327613	0.704108788057335	136246000	140382495	0.687086300324371	7	2
8	329	11882	1278	1.09417776299251	0.726776798793767	120	1.06797346669631	0.719016592733582	140382700	144525600	0.687086300324371	8	2
8	330	2022	96	0.959890321090353	0.405091801853491	118	0.959890321090353	0.405091801853491	144525968	145216200	0.687086300324371	7	2
8	331	2345	179	1.13665708159474	0.784722386499446	121	1.13665708159474	0.784722386499446	145216900	146294900	0.687086300324371	8	2
9	332	16137	1409	-1.04142547922326	1.40626575531487	9	-1.04494864975979	1.4042102166619	14600	6042200	0.686907082596038	1	0
9	333	37354	3199	-1.0859195520434	1.31518246882465	8	-1.09028857231369	1.33178835498578	6042600	20124340	0.686907082596038	1	0
9	334	4397	338	-1.02337105130655	1.47532666763289	9	-1.04494864975979	1.4042102166619	20124771	21845900	0.686907082596038	1	0
9	335	542	36	-2.17962496925986	-0.219525423797744	2	-2.17962496925986	-0.219525423797744	21846187	22049038	0.686907082596038	0	0
9	336	24519	1853	-1.05575245626669	1.36077726329542	9	-1.04494864975979	1.4042102166619	22049300	31518778	0.686907082596038	1	0
9	337	177	18	-0.19351798470056	0.00799873209300587	42	-0.207756914615858	NA	31519216	31586400	NA	2	NA
9	338	117	3	0.539581924443922	0.151116989446319	101	0.515196657072297	NA	31586463	31631239	0.660893255289124	5	NA
9	339	4341	480	-0.283888061134862	-0.0285665933056378	35	-0.304364091728926	-0.0339852216677548	31631538	33234900	0.119156422338267	4	2
9	340	3310	330	0.13263663509885	0.545993338117143	68	0.127089920555771	0.545993338117143	33235200	34702700	0.513389424697798	4	1
9	341	3308	234	-0.320606867243322	-0.0451121420571005	35	-0.304364091728926	-0.0339852216677548	34703177	35923700	0.119156422338267	4	2
9	342	7281	478	-1.10920232488435	1.46331498228793	8	-1.09028857231369	1.33178835498578	35924100	38582700	0.686907082596038	1	0
9	343	479	43	-2.24257373138824	-0.237993224491526	1	-2.24257373138824	-0.237993224491526	38596100	39183953	0.686907082596038	0	0
9	344	352	13	-0.123212242107761	-0.0255725339866389	46	-0.121454701579449	NA	40792150	67337100	0.487556740233666	3	NA
9	345	173	11	0.374387337689155	0.476948121298781	91	0.378527827033182	NA	67338200	69135300	0.686907082596038	4	NA
9	346	226	7	-0.356085328362583	1.70853370326002	34	-0.358525112652007	NA	69145800	71083600	NA	2	NA
9	347	11405	933	-0.485189086193434	2.9797153079732	20	-0.474587489512359	2.92278590482617	71084100	75331600	0.686907082596038	2	0
9	348	3158	268	-0.385298954303786	3.01102207139122	27	-0.418126474797966	2.98967276634863	75331860	76568507	0.686907082596038	2	0
9	349	161299	12290	-0.480546100394274	2.9343774996968	20	-0.474587489512359	2.92278590482617	76568800	136284600	0.686907082596038	2	0
9	350	13582	1318	-0.388592769950412	2.99711903447582	27	-0.418126474797966	2.98967276634863	136285000	141108122	0.686907082596038	2	0
10	351	9505	995	0.0370886591020452	0.210425189621737	55	0.0153224275669011	0.19827667681081	97194	3521100	0.686907082596038	3	1
10	352	3665	261	0.107076458412006	0.18044902043237	65	0.127089920555771	0.18506508896972	3521500	4867700	0.474555773676599	4	1
10	353	1902	187	0.017463819670347	0.24824987716987	55	0.0153224275669011	0.19827667681081	4867877	5646300	0.686907082596038	3	1
10	354	16426	1631	-0.0313482779825296	0.206621505043153	47	-0.048133075150967	0.193216234549972	5646708	11652000	0.664820668912117	3	1
10	355	19605	1978	-0.106855801039911	0.180359783232345	43	-0.121454701579449	0.185097716845639	11652300	19236345	0.530999357402102	3	1
10	356	47021	3456	-0.0555168992742532	0.196678981103584	47	-0.048133075150967	0.193216234549972	19236708	37163058	0.664820668912117	3	1
10	357	2633	140	-0.193309579582714	0.207246118641879	40	-0.207756914615858	0.191571982734674	37163932	38526383	0.476372537860279	3	1
10	358	1060	168	-0.470355626190269	0.238055764572665	25	-0.474587489512359	0.238203556909938	38527700	42812100	0.239299102770997	2	0
10	359	399	24	-0.207077256955063	0.111564288300251	40	-0.207756914615858	0.191571982734674	42812588	43078228	0.476372537860279	3	1
10	360	2956	240	-0.0994093640106082	0.239256475828399	47	-0.048133075150967	0.193216234549972	43078973	44229200	0.664820668912117	3	1
10	361	5167	289	-0.0394087058450591	0.148392603115421	50	-0.048133075150967	0.168691995134854	44229500	46970792	0.648826633386413	3	1
10	362	611	54	0.0472471123626727	-0.041115091071474	58	0.0153224275669011	-0.041115091071474	46970862	47149600	0.288914598277831	5	2
10	363	31256	2559	-0.0143729445257669	0.163744328168617	47	-0.048133075150967	0.193216234549972	47370400	62118881	0.664820668912117	3	1
10	364	5776	304	0.0371684773559881	0.193604346439273	55	0.0153224275669011	0.19827667681081	62119300	64236090	0.686907082596038	3	1
10	365	12580	1003	-0.0196252406723488	0.187441806919697	47	-0.048133075150967	0.193216234549972	64236542	69082685	0.664820668912117	3	1
10	366	18923	1250	-0.0648292620039312	0.207961007569574	47	-0.048133075150967	0.193216234549972	69083100	75967500	0.664820668912117	3	1
10	367	35495	2701	-0.0278060282522065	0.189655965361608	47	-0.048133075150967	0.193216234549972	75967858	89626200	0.664820668912117	3	1
10	368	7906	718	0.034681510618396	0.21184228641216	55	0.0153224275669011	0.19827667681081	89626600	92641500	0.686907082596038	3	1
10	369	2028	135	-0.0218220401297497	0.134655208480621	50	-0.048133075150967	0.168691995134854	92641987	93400431	0.648826633386413	3	1
10	370	51070	3407	-0.0649125498016021	0.198729840049989	47	-0.048133075150967	0.193216234549972	93400734	112152700	0.664820668912117	3	1
10	371	23301	1467	-0.0294155161252256	0.205416860058934	47	-0.048133075150967	0.193216234549972	112153000	120530000	0.664820668912117	3	1
10	372	18273	1819	-0.059879218491496	0.209170374801309	47	-0.048133075150967	0.193216234549972	120530405	126921500	0.664820668912117	3	1
10	373	17036	1959	-0.0238866877499731	0.204574300635288	47	-0.048133075150967	0.193216234549972	126921800	132943500	0.664820668912117	3	1
10	374	6819	630	0.0330476327896849	0.214280209719291	55	0.0153224275669011	0.19827667681081	132943800	135506300	0.686907082596038	3	1
11	375	8833	920	0.0516710435903879	0.224199464138937	62	0.0693643626522609	0.212868581952258	189700	3397475	0.686907082596038	3	1
11	376	16824	1595	-0.0498588203771247	0.19520433548114	47	-0.048133075150967	0.193216234549972	3397500	9950200	0.664820668912117	3	1
11	377	18324	1623	0.0103100601137988	0.193358282149466	55	0.0153224275669011	0.19827667681081	9950709	16618500	0.686907082596038	3	1
11	378	55148	4603	-0.0327118988720012	0.194643919022991	47	-0.048133075150967	0.193216234549972	16619472	37241881	0.664820668912117	3	1
11	379	4958	207	0.0156603232440498	0.124082578657744	55	0.0153224275669011	0.19827667681081	37242411	39228066	0.686907082596038	3	1
11	380	20361	1517	-0.0794231790731221	0.180715487024907	47	-0.048133075150967	0.193216234549972	39228863	46665000	0.664820668912117	3	1
11	381	4545	203	-0.134215472167317	0.216193291441608	43	-0.121454701579449	0.185097716845639	46665600	48342400	0.530999357402102	3	1
11	382	67	5	-0.113881483449937	-0.106770185680236	46	-0.121454701579449	NA	48342769	48363600	0.487556740233666	3	NA
11	383	65	4	-0.0345855610096725	0.316378544030179	53	-0.048133075150967	NA	48364100	48391116	0.684793484474088	3	NA
11	384	1510	133	-0.318067507807217	0.139508826947182	36	-0.304364091728926	0.139508826947182	48392254	50401817	0.4528233546918	3	1
11	385	1892	252	-0.444315224225232	0.222768494411275	25	-0.474587489512359	0.238203556909938	50402000	55075500	0.239299102770997	2	0
11	386	268	36	-0.231708866052367	0.0691064308307339	38	-0.248001524531455	0.209425087800077	55076574	55195600	0.496974510149306	3	1
11	387	4322	414	-0.0631928889767363	0.175583079755943	50	-0.048133075150967	0.168691995134854	55195774	56939200	0.648826633386413	3	1
11	388	2495	157	-0.1307555733264	0.190156835543804	43	-0.121454701579449	0.185097716845639	56939539	57806600	0.530999357402102	3	1
11	389	10035	775	-0.0492425121643062	0.186981626885234	47	-0.048133075150967	0.193216234549972	57806800	61645743	0.664820668912117	3	1
11	390	1330	151	0.224219097561063	-0.0977159718987319	71	0.211971305316059	-0.0933026392514241	61646209	62147436	0.599979137020691	4	2
11	391	16300	738	-0.0695473113970136	0.195884777031831	47	-0.048133075150967	0.193216234549972	62148400	68224700	0.664820668912117	3	1
11	392	6276	600	0.0013067929774512	0.203200315384539	55	0.0153224275669011	0.19827667681081	68225033	70465800	0.686907082596038	3	1
11	393	45808	3287	-0.056892051554548	0.195032918651186	47	-0.048133075150967	0.193216234549972	70466017	87475700	0.664820668912117	3	1
11	394	12469	978	-0.0275233029813196	0.190824952896068	47	-0.048133075150967	0.193216234549972	87476200	93318600	0.664820668912117	3	1
11	395	2134	120	-0.104510060948268	0.316268395520404	43	-0.121454701579449	0.185097716845639	93319296	94143033	0.530999357402102	3	1
11	396	9459	571	-0.00841707803654024	0.210118583213461	55	0.0153224275669011	0.19827667681081	94143500	97830200	0.686907082596038	3	1
11	397	11221	1142	-0.0509475255712106	0.194128356689909	47	-0.048133075150967	0.193216234549972	97830800	102163399	0.664820668912117	3	1
11	398	14043	1254	-0.0115964094073941	0.212964607963888	47	-0.048133075150967	0.193216234549972	102163800	107529400	0.664820668912117	3	1
11	399	4272	176	-0.095105227239137	0.170989666160838	47	-0.048133075150967	0.193216234549972	107529834	109124191	0.664820668912117	3	1
11	400	5204	314	-0.00680043384138402	0.205527112808926	55	0.0153224275669011	0.19827667681081	109124277	111051000	0.686907082596038	3	1
11	401	44112	3513	-0.0617377832833118	0.18840195565041	47	-0.048133075150967	0.193216234549972	111051400	126574151	0.664820668912117	3	1
11	402	12	0	0.155346006734309	0	69	0.127089920555771	NA	126574400	126578900	0.540727521825694	4	NA
11	403	23470	2078	0.0186375291246665	0.199727908629126	55	0.0153224275669011	0.19827667681081	126579075	134867672	0.686907082596038	3	1
11	404	163	0	0.286274564562963	0	85	0.308386542510142	NA	134867898	134945308	0.684997191357165	4	NA
12	405	4474	375	0.362385849160997	5.31475368986155	88	0.378527827033182	5.31475368986155	61200	1818200	0.686907082596038	4	0
12	406	5786	590	0.0192996554019645	4.45317983631519	54	0.0153224275669011	4.39555132986009	1818565	3768800	0.686907082596038	3	0
12	407	10701	850	0.30515308482889	5.45668419610339	81	0.308386542510142	5.40138840516578	3769300	7650900	0.686907082596038	4	0
12	408	2988	185	0.235657442666999	5.27408790839051	76	0.253241821558344	5.34286780702062	7651200	9101800	0.686907082596038	4	0
12	409	9395	831	0.315768627130316	5.4323532124805	81	0.308386542510142	5.40138840516578	9102100	13107291	0.686907082596038	4	0
12	410	15448	1025	0.34404587754631	5.68809505479121	82	0.308386542510142	5.66944517264636	13107700	18911000	0.686907082596038	4	0
12	411	19665	1482	0.301797805854697	5.33488365404312	81	0.308386542510142	5.40138840516578	18911700	26434503	0.686907082596038	4	0
12	412	11861	1229	0.631964199712283	6.62940569564033	106	0.615380701159755	6.66091125997173	26434718	30943835	0.687086300324371	5	0
12	413	5449	419	0.53211774147232	6.67037063599319	99	0.515196657072297	6.67037063599319	30944200	33120916	0.686907082596038	5	0
12	414	2442	271	0.622988953799775	6.81172269038791	106	0.615380701159755	6.66091125997173	33120952	34156164	0.686907082596038	5	0
12	415	112	1	0.393970260864791	6.33598296877848	91	0.378527827033182	NA	34156599	34255400	0.686907082596038	4	NA
12	416	1428	170	-1.31876192781638	1.1957667486459	4	-1.31824793381499	1.1957667486459	34255900	37858900	0.686907082596038	1	0
12	417	931	118	-0.420505175611476	0.234118549196254	29	-0.418126474797966	0.234118549196254	37862653	38377600	0.237316933706088	2	0
12	418	604	53	-0.246489225690927	0.144128442540091	38	-0.248001524531455	0.209425087800077	38377929	38768576	0.496974510149306	3	1
12	419	11518	787	-0.0716015919869224	0.191097683491397	47	-0.048133075150967	0.193216234549972	38768917	43225300	0.664820668912117	3	1
12	420	14	0	-0.228962673949413	0	39	-0.248001524531455	NA	43225800	43231279	NA	2	NA
12	421	14749	1000	-0.0119158833939618	0.18881816774619	47	-0.048133075150967	0.193216234549972	43231653	48811100	0.664820668912117	3	1
12	422	17677	1228	-0.084127103817286	0.178289977697107	50	-0.048133075150967	0.168691995134854	48811300	55221800	0.648826633386413	3	1
12	423	1541	155	0.0170597038420395	0.211335643065578	55	0.0153224275669011	0.19827667681081	55222152	55889300	0.686907082596038	3	1
12	424	7200	417	-0.100801647736326	0.193687879792329	47	-0.048133075150967	0.193216234549972	55889500	58550300	0.664820668912117	3	1
12	425	6443	487	0.00961565330854394	0.192368659103235	55	0.0153224275669011	0.19827667681081	58550790	61031300	0.686907082596038	3	1
12	426	67164	4922	-0.0147487402798622	0.180762695078173	47	-0.048133075150967	0.193216234549972	61031400	87114020	0.664820668912117	3	1
12	427	15911	1063	0.0223112608261635	0.190087873639214	55	0.0153224275669011	0.19827667681081	87114400	93293300	0.686907082596038	3	1
12	428	14447	1239	-0.0517475192191861	0.16679624089874	50	-0.048133075150967	0.168691995134854	93293541	98695378	0.648826633386413	3	1
12	429	11535	631	-0.0920336800394871	0.171757668750042	47	-0.048133075150967	0.193216234549972	98695600	102939860	0.664820668912117	3	1
12	430	17585	1677	-0.0495702175315837	0.18640079219566	47	-0.048133075150967	0.193216234549972	102940183	109241245	0.664820668912117	3	1
12	431	41511	3146	-0.10949590373655	0.186130897719463	43	-0.121454701579449	0.185097716845639	109241986	124117471	0.530999357402102	3	1
12	432	9021	1110	-0.0532896299265333	0.201806256496909	47	-0.048133075150967	0.193216234549972	124118000	127233592	0.664820668912117	3	1
12	433	8472	879	-0.127907211883938	0.157049686584051	43	-0.121454701579449	0.185097716845639	127233800	130254234	0.530999357402102	3	1
12	434	1751	225	-0.0504385180866015	0.151011723200959	50	-0.048133075150967	0.168691995134854	130254318	130865277	0.648826633386413	3	1
12	435	7697	901	0.29525358786496	-0.0796677593583741	79	0.308386542510142	-0.0924625189695492	130865768	133797649	0.686907082596038	4	2
12	436	55	3	0.544596491946483	-0.04615858324161	105	0.560575977169063	NA	133798039	133835400	0.686907082596038	5	NA
13	437	27332	2417	-0.0693903672957343	4.18079031073934	49	-0.048133075150967	4.11406383970389	19168006	30078853	0.686907082596038	3	0
13	438	31863	2324	-0.0327132282565546	4.21664972234801	48	-0.048133075150967	4.29379639872824	30079100	42066500	0.686907082596038	3	0
13	439	3950	275	0.0152498151476318	4.25933359714712	56	0.0153224275669011	4.18107944310457	42066600	43551700	0.686907082596038	3	0
13	440	239	1	0.239212355332417	9.99700062830605	77	0.253241821558344	NA	43552158	43638200	0.654510480812549	4	NA
13	441	3562	329	0.0154056724867062	4.44285827167053	54	0.0153224275669011	4.39555132986009	43638400	44933400	0.686907082596038	3	0
13	442	13548	978	-0.0271178837127885	4.50040758592612	51	-0.048133075150967	4.51275009801922	44933934	50047600	0.686907082596038	3	0
13	443	39	0	-0.135005624714709	0	46	-0.121454701579449	NA	50047800	50061420	0.487556740233666	3	NA
13	444	1684	76	0.260773166968858	5.51546711773136	76	0.253241821558344	5.34286780702062	50061765	50700700	0.686907082596038	4	0
13	445	4726	235	0.353106203553617	5.59115492993187	82	0.308386542510142	5.66944517264636	50701000	52496300	0.686907082596038	4	0
13	446	7951	514	0.276605134773829	5.35456527702842	81	0.308386542510142	5.40138840516578	52496800	55748000	0.686907082596038	4	0
13	447	21	0	0.116457493688681	0	69	0.127089920555771	NA	55748256	55755900	0.540727521825694	4	NA
13	448	36563	2451	-0.0567631775227302	4.00202079292014	49	-0.048133075150967	4.11406383970389	55756100	70397040	0.686907082596038	3	0
13	449	31212	2485	0.00202603584948302	4.31378123689548	54	0.0153224275669011	4.39555132986009	70397300	82359600	0.686907082596038	3	0
13	450	36369	2475	-0.0540634842097855	4.08631532794641	49	-0.048133075150967	4.11406383970389	82360374	96829900	0.686907082596038	3	0
13	451	4098	209	0.00802788175125562	4.26446065242118	56	0.0153224275669011	4.18107944310457	96830100	98340600	0.686907082596038	3	0
13	452	9506	918	-0.0515561510685682	4.35322424817001	48	-0.048133075150967	4.29379639872824	98340800	101783277	0.686907082596038	3	0
13	453	35186	3465	0.0419137097380109	4.40770319883654	54	0.0153224275669011	4.39555132986009	101783630	115108300	0.686907082596038	3	0
14	454	269	1	-0.104183439269045	0.445078263573078	46	-0.121454701579449	NA	19000900	19432600	0.487556740233666	3	NA
14	455	237	0	0.267678249836132	0	77	0.253241821558344	NA	19433300	20229107	0.654510480812549	4	NA
14	456	467	36	0.385356215247994	0.173246701172157	90	0.378527827033182	0.172293071213121	20231211	20426800	0.411041371845834	6	2
14	457	4884	520	0.245059244163857	-0.0909166787360737	74	0.253241821558344	-0.0965040656062921	20427200	22320205	0.64578543912893	4	2
14	458	1374	103	0.406628152158399	-0.0846559586163618	93	0.419821074572097	-0.0846559586163618	22320600	22991715	0.556316112439518	5	2
14	459	25684	1649	0.293050313890321	-0.0934908119297874	79	0.308386542510142	-0.0924625189695492	22992100	32915821	0.686907082596038	4	2
14	460	3464	371	0.361632046588644	-0.107415058751615	86	0.378527827033182	-0.0848297698677372	32916300	34204911	0.686907082596038	4	2
14	461	1214	63	0.302152163036516	-0.0756926330990689	79	0.308386542510142	-0.0924625189695492	34205100	34646912	0.686907082596038	4	2
14	462	3406	316	0.215383681191661	-0.0984482892074867	71	0.211971305316059	-0.0933026392514241	34647100	35968800	0.599979137020691	4	2
14	463	21389	1639	0.295113435253585	-0.0914093825236537	79	0.308386542510142	-0.0924625189695492	35969200	44476443	0.686907082596038	4	2
14	464	6889	689	0.233696950893156	-0.0975686728325855	74	0.253241821558344	-0.0965040656062921	44476700	47204500	0.64578543912893	4	2
14	465	67161	4926	0.301209381688932	-0.0992580225150366	78	0.308386542510142	-0.0992381508335813	47205086	72238600	0.686907082596038	4	2
14	466	29073	2422	0.249088269708755	-0.0994293701403102	74	0.253241821558344	-0.0965040656062921	72239200	82625759	0.64578543912893	4	2
14	467	12939	770	0.290703000785725	-0.0965252003192937	79	0.308386542510142	-0.0924625189695492	82626242	87620100	0.686907082596038	4	2
14	468	29325	2536	0.258368417783178	-0.0967585272537845	74	0.253241821558344	-0.0965040656062921	87620638	97888583	0.64578543912893	4	2
14	469	16	3	0.436386691655088	-0.173652992632643	97	0.461564236189994	NA	97888900	97893303	0.686907082596038	4	NA
14	470	19135	1657	0.30654962525209	-0.0921112368607487	79	0.308386542510142	-0.0924625189695492	97893700	104543400	0.686907082596038	4	2
14	471	6457	737	0.365593350369749	-0.0804650457671349	86	0.378527827033182	-0.0848297698677372	104544000	107287131	0.686907082596038	4	2
15	472	125	3	-0.431110238448469	0.192149064780626	30	-0.418126474797966	NA	20000800	20311800	NA	2	NA
15	473	1066	15	0.0121916492033405	0.073134878702302	59	0.0153224275669011	NA	20391043	22694075	0.686907082596038	3	NA
15	474	17285	1445	-0.114585730114008	0.176055961704101	43	-0.121454701579449	0.185097716845639	22694300	31182700	0.530999357402102	3	1
15	475	209	31	0.0360722668519505	0.250306302178415	57	0.0153224275669011	0.371101943763328	31183102	31264740	0.686907082596038	3	1
15	476	10465	921	-0.0580039869848794	0.160514875102369	50	-0.048133075150967	0.168691995134854	31265200	35743300	0.648826633386413	3	1
15	477	12104	1019	0.0186266674981054	0.185250432498335	55	0.0153224275669011	0.19827667681081	35743700	40264600	0.686907082596038	3	1
15	478	1342	140	-0.0337710687741327	0.214720601407968	47	-0.048133075150967	0.193216234549972	40264937	40727100	0.664820668912117	3	1
15	479	14150	529	-0.0812631432809854	0.188982714254202	47	-0.048133075150967	0.193216234549972	40727532	46228872	0.664820668912117	3	1
15	480	11478	1088	-0.0195863914420786	0.203510171886669	47	-0.048133075150967	0.193216234549972	46229200	50584372	0.664820668912117	3	1
15	481	1947	266	-0.126262703018084	0.162546419498992	43	-0.121454701579449	0.185097716845639	50584703	51341700	0.530999357402102	3	1
15	482	10195	679	-0.0262692476037455	0.186367294251264	47	-0.048133075150967	0.193216234549972	51342200	55108832	0.664820668912117	3	1
15	483	3293	361	-0.109861999897003	0.213291124608731	43	-0.121454701579449	0.185097716845639	55109200	56367012	0.530999357402102	3	1
15	484	22056	2023	-0.0228834946676884	0.184721843704399	47	-0.048133075150967	0.193216234549972	56367378	64373694	0.664820668912117	3	1
15	485	7282	449	-0.093533417997981	0.154366501225916	50	-0.048133075150967	0.168691995134854	64374200	67021314	0.648826633386413	3	1
15	486	14818	1066	-0.00514355225184707	0.206129735384208	55	0.0153224275669011	0.19827667681081	67021608	72301133	0.686907082596038	3	1
15	487	49727	3267	-0.0469957381546294	0.197282025994485	47	-0.048133075150967	0.193216234549972	72301600	91691528	0.664820668912117	3	1
15	488	7552	838	-0.022715852739475	0.21365413147608	47	-0.048133075150967	0.193216234549972	91691700	94374600	0.664820668912117	3	1
15	489	540	74	0.043999484425109	0.238882722511402	55	0.0153224275669011	0.19827667681081	94375030	94569720	0.686907082596038	3	1
15	490	14376	1274	0.00488402699463378	0.203582463683461	55	0.0153224275669011	0.19827667681081	94570084	99770225	0.686907082596038	3	1
15	491	7097	775	0.0584745458149522	0.195929428902661	62	0.0693643626522609	0.212868581952258	99770500	102508000	0.686907082596038	3	1
16	492	6803	621	-0.368045041200192	3.00087626497014	31	-0.358525112652007	3.01643421877774	71000	2438168	0.686907082596038	2	0
16	493	4571	343	-0.447193121828684	3.06274075330138	20	-0.474587489512359	2.92278590482617	2438567	4157300	0.686907082596038	2	0
16	494	113	20	-0.412636741056485	2.57969462527085	27	-0.418126474797966	2.98967276634863	4158000	4197200	0.686907082596038	2	0
16	495	8903	994	-0.535582307332086	2.89913366048162	18	-0.537421023903023	2.9066180996692	4197691	7294978	0.686907082596038	2	0
16	496	1829	177	0.241823919830007	-0.104011819253615	74	0.253241821558344	-0.0965040656062921	7295500	7915088	0.64578543912893	4	2
16	497	17083	1715	-0.532648045845498	2.96923840223979	18	-0.537421023903023	2.9066180996692	7915371	13926623	0.686907082596038	2	0
16	498	10217	845	0.219938236023968	-0.0975977066025539	71	0.211971305316059	-0.0933026392514241	13927002	19421858	0.599979137020691	4	2
16	499	1441	87	0.485675915204184	0.0498444228543999	98	0.515196657072297	0.0257590833584099	19422100	19927300	0.645979586336921	5	2
16	500	550	54	0.201679618027776	-0.0635947539110244	71	0.211971305316059	-0.0933026392514241	19927707	20111400	0.599979137020691	4	2
16	501	29911	2013	-0.119472067547379	0.184734976579037	43	-0.121454701579449	0.185097716845639	20112000	33631300	0.530999357402102	3	1
16	502	427	5	-0.451180471732892	0.149760178736555	26	-0.474587489512359	NA	33631912	34187500	NA	2	NA
16	503	2394	27	0.393612167404625	0.00135399085297486	89	0.378527827033182	0.00790566127922492	34188011	35131800	0.686907082596038	4	2
16	504	553	13	0.107171746575085	-0.00470432363209474	69	0.127089920555771	NA	35132200	46501700	0.540727521825694	4	NA
16	505	1417	10	0.416646929035473	-0.0074107035920485	94	0.419821074572097	NA	46502400	47051600	0.556799587140624	5	NA
16	506	13230	847	0.520762959067534	0.0354132947605417	98	0.515196657072297	0.0257590833584099	47051879	51737026	0.645979586336921	5	2
16	507	13536	1047	0.551138403267037	0.0420308831708557	102	0.560575977169063	0.0227507614191752	51737200	56607900	0.686907082596038	5	2
16	508	15516	1296	0.507639945986251	0.033677571684376	98	0.515196657072297	0.0257590833584099	56608900	62358400	0.645979586336921	5	2
16	509	1576	131	0.392123308273805	-0.058252328228228	89	0.378527827033182	0.00790566127922492	62358782	62950200	0.686907082596038	4	2
16	510	9347	909	0.552057480038407	0.0185654568498444	102	0.560575977169063	0.0227507614191752	62950900	66364580	0.686907082596038	5	2
16	511	11775	528	0.494775014138851	0.0386248328566061	98	0.515196657072297	0.0257590833584099	66365047	70841200	0.645979586336921	5	2
16	512	1131	62	0.645788590817554	-0.0062493128209857	111	0.615380701159755	-0.0062493128209857	70841460	71218900	0.687086300324371	5	3
16	513	12526	904	0.516442413036412	0.0278783630049174	98	0.515196657072297	0.0257590833584099	71219406	75906461	0.645979586336921	5	2
16	514	3405	221	0.580661396284542	0.000524720620732689	102	0.560575977169063	0.0227507614191752	75906800	77156054	0.686907082596038	5	2
16	515	4499	777	0.476433064556889	0.0299552389045077	95	0.461564236189994	0.0321810840313293	77156330	78690336	0.604183369965563	5	2
16	516	108	14	0.208101063882589	0.612484584588875	73	0.211971305316059	NA	78690500	78724700	0.589711831096773	4	NA
16	517	1177	145	0.495382665107828	0.0519712344292651	98	0.515196657072297	0.0257590833584099	78725210	79122700	0.645979586336921	5	2
16	518	16505	2033	0.555513978449257	0.0289863707275036	102	0.560575977169063	0.0227507614191752	79123067	84679829	0.686907082596038	5	2
16	519	24	3	0.404630342288363	0.264017449844595	94	0.419821074572097	NA	84680000	84687900	0.556799587140624	5	NA
16	520	11060	1142	0.598261800180519	0.0300460260854142	107	0.615380701159755	0.0215444041726051	84688183	88699979	0.686907082596038	5	2
16	521	2541	153	0.674201119556774	0.0917803538263621	113	0.676167926419824	0.0917803538263621	88700200	89590697	0.687086300324371	6	2
16	522	1576	184	0.590551666888919	0.0221504432489032	107	0.615380701159755	0.0215444041726051	89590962	90171700	0.686907082596038	5	2
17	523	16	0	-0.174470503392954	0	42	-0.207756914615858	NA	400	5590	NA	2	NA
17	524	24098	1960	-0.47913943444538	2.99750903736326	20	-0.474587489512359	2.92278590482617	5953	8897004	0.686907082596038	2	0
17	525	11916	1066	-0.535935100514148	2.82530104441738	18	-0.537421023903023	2.9066180996692	8897404	13033300	0.686907082596038	2	0
17	526	18361	1241	-0.492591321650641	3.00731729038423	20	-0.474587489512359	2.92278590482617	13033914	21183502	0.686907082596038	2	0
17	527	685	88	-0.541775942252996	0.527730901091544	19	-0.537421023903023	0.527730901091544	21183900	21449159	0.363620219235168	2	0
17	528	927	36	-0.742980203805164	2.77251524961717	13	-0.718340103429442	2.77251524961717	21449421	22244383	0.686907082596038	2	0
17	529	43	2	-0.511898590945018	-0.097190913128138	26	-0.474587489512359	NA	22251700	25314400	NA	2	NA
17	530	65	2	-0.397036837153786	0.0890437182428968	30	-0.418126474797966	NA	25316300	25380155	NA	2	NA
17	531	39600	2431	-0.0645960118473769	0.192326006043846	47	-0.048133075150967	0.193216234549972	25380414	40680934	0.664820668912117	3	1
17	532	2759	14	-0.152583513870637	0.0964247397845063	46	-0.121454701579449	NA	40681600	41693900	0.487556740233666	3	NA
17	533	20499	1346	-0.0584820409773543	0.199385955138573	47	-0.048133075150967	0.193216234549972	41694200	49765700	0.664820668912117	3	1
17	534	5465	456	-0.00126473457407425	0.162184639833205	55	0.0153224275669011	0.19827667681081	49765844	51781200	0.686907082596038	3	1
17	535	39167	2277	-0.0599811557461351	0.198985463258035	47	-0.048133075150967	0.193216234549972	51781250	66809617	0.664820668912117	3	1
17	536	8555	566	0.0101848266101452	0.198728194545188	55	0.0153224275669011	0.19827667681081	66809781	70007600	0.686907082596038	3	1
17	537	15958	1391	-0.0494771610430586	0.171232309607944	50	-0.048133075150967	0.168691995134854	70008000	75462370	0.648826633386413	3	1
17	538	44	0	0.157278687837938	0	69	0.127089920555771	NA	75462538	75477141	0.540727521825694	4	NA
17	539	8151	988	0.0129183236171278	0.177190288282326	55	0.0153224275669011	0.19827667681081	75477500	78401700	0.686907082596038	3	1
17	540	7841	893	0.0898148246477283	0.186319704530214	65	0.127089920555771	0.18506508896972	78401903	81152200	0.474555773676599	4	1
18	541	3063	406	-0.437170518182188	2.81330433956126	27	-0.418126474797966	2.98967276634863	12800	1209400	0.686907082596038	2	0
18	542	3006	373	-0.346840148672695	3.04833028693975	31	-0.358525112652007	3.01643421877774	1209706	2354234	0.686907082596038	2	0
18	543	8399	850	-0.43661740061345	2.88800955184763	27	-0.418126474797966	2.98967276634863	2354600	5451400	0.686907082596038	2	0
18	544	6429	474	-0.50712035236277	2.92988014639552	20	-0.474587489512359	2.92278590482617	5451600	7735887	0.686907082596038	2	0
18	545	1030	0	-0.438233963093199	0	30	-0.418126474797966	NA	7736338	8104296	NA	2	NA
18	546	136	12	-0.0916638560861971	0.293302400584147	53	-0.048133075150967	NA	8104677	8153700	0.684793484474088	3	NA
18	547	9626	1244	-0.0164196238302861	0.19074205312731	47	-0.048133075150967	0.193216234549972	8154136	11679590	0.664820668912117	3	1
18	548	7033	611	-0.0819409170741706	0.227087202900495	47	-0.048133075150967	0.193216234549972	11679900	15006300	0.664820668912117	3	1
18	549	240	2	-0.353558955730924	-0.188148438094311	34	-0.358525112652007	NA	15006500	18557500	NA	2	NA
18	550	1834	22	0.155464727071328	-0.120910896892067	66	0.127089920555771	-0.0354886475314277	18558225	19251100	0.336910575086021	5	2
18	551	16738	987	0.266234363609276	-0.0945890595048232	74	0.253241821558344	-0.0965040656062921	19251800	25357500	0.64578543912893	4	2
18	552	29	0	0.165691904212759	0	69	0.127089920555771	NA	25357700	25367903	0.540727521825694	4	NA
18	553	9977	726	0.333823230574924	-0.0993585720372037	78	0.308386542510142	-0.0992381508335813	25368300	29176500	0.686907082596038	4	2
18	554	40392	3054	0.284005152609824	-0.0940197187185227	79	0.308386542510142	-0.0924625189695492	29176800	44186959	0.686907082596038	4	2
18	555	2095	193	0.200843229912623	-0.090418974256328	71	0.211971305316059	-0.0933026392514241	44187259	44955500	0.599979137020691	4	2
18	556	18715	1802	0.276231604861252	-0.0979543269287768	79	0.308386542510142	-0.0924625189695492	44955900	51742161	0.686907082596038	4	2
18	557	8809	671	0.333292734439382	-0.0905016205043391	79	0.308386542510142	-0.0924625189695492	51742600	55155100	0.686907082596038	4	2
18	558	7014	782	0.261170499452975	-0.0908338711941593	74	0.253241821558344	-0.0965040656062921	55155300	57615239	0.64578543912893	4	2
18	559	38786	3564	0.309824896430964	-0.0967906034189967	79	0.308386542510142	-0.0924625189695492	57615684	72275200	0.686907082596038	4	2
18	560	2129	126	0.385501487878069	-0.0731848193174152	86	0.378527827033182	-0.0848297698677372	72275500	73089799	0.686907082596038	4	2
18	561	1635	78	0.30657434807671	-0.0970049057742962	78	0.308386542510142	-0.0992381508335813	73090300	73658400	0.686907082596038	4	2
18	562	169	10	-0.0304118909920337	0.226281578272782	53	-0.048133075150967	NA	73658800	73723596	0.684793484474088	3	NA
18	563	11636	1297	0.322425274470613	-0.0860757276665969	79	0.308386542510142	-0.0924625189695492	73723898	77937058	0.686907082596038	4	2
18	564	161	1	0.628801595353993	-0.147621331651197	112	0.615380701159755	NA	77937261	78015688	0.687086300324371	5	NA
19	565	3324	392	-0.41355533916101	2.99119244073589	27	-0.418126474797966	2.98967276634863	247230	1467278	0.686907082596038	2	0
19	566	12	1	0.395202971945518	2.93005663794865	91	0.378527827033182	NA	1467667	1471127	0.686907082596038	4	NA
19	567	3188	250	-0.429632424502666	2.85504089967944	27	-0.418126474797966	2.98967276634863	1471500	2587307	0.686907082596038	2	0
19	568	14001	1233	-0.512969141452858	2.9307996736561	20	-0.474587489512359	2.92278590482617	2587614	7747500	0.686907082596038	2	0
19	569	328	35	0.213722594450169	-0.131946455912347	71	0.211971305316059	-0.0933026392514241	7747817	7870000	0.599979137020691	4	2
19	570	903	78	-0.123555700110886	0.273628157109683	43	-0.121454701579449	0.185097716845639	7870346	8184590	0.530999357402102	3	1
19	571	1160	120	0.1721576203284	-0.0914092898305835	66	0.127089920555771	-0.0354886475314277	8185606	8659600	0.336910575086021	5	2
19	572	503	45	-0.240478201528833	0.205167855818179	38	-0.248001524531455	0.209425087800077	8660283	8954200	0.496974510149306	3	1
19	573	15216	1089	-0.542631161615647	2.88053372127716	18	-0.537421023903023	2.9066180996692	8955000	14699600	0.686907082596038	2	0
19	574	3603	454	-0.0822789531100147	0.185608049009157	50	-0.048133075150967	0.168691995134854	14702291	16095792	0.648826633386413	3	1
19	575	14663	1186	0.218776668198106	-0.0878990296673069	71	0.211971305316059	-0.0933026392514241	16097500	21749274	0.599979137020691	4	2
19	576	386	74	-0.143140828026894	0.118381419992586	43	-0.121454701579449	0.185097716845639	21749614	21950058	0.530999357402102	3	1
19	577	218	1	-0.1273014512372	-0.219650892471368	46	-0.121454701579449	NA	21950179	22041343	0.487556740233666	3	NA
19	578	1033	40	-0.418404159773211	3.25297109338903	27	-0.418126474797966	2.98967276634863	22041420	22572500	0.686907082596038	2	0
19	579	4875	307	-0.660292776146722	2.24923065330136	15	-0.660757996524989	2.36863296020571	22583057	27835789	0.684948579530898	2	0
19	580	163	16	-0.403867611147976	0.0215667208030906	30	-0.418126474797966	NA	27835950	27889709	NA	2	NA
19	581	403	51	-0.668721983950948	3.23507003401401	15	-0.660757996524989	2.36863296020571	27890100	28055597	0.684948579530898	2	0
19	582	3982	476	-0.352885949960924	3.37524879616343	32	-0.358525112652007	3.37524879616343	28056000	29505520	0.686907082596038	2	0
19	583	61	10	0.133125783213581	4.07042851249893	69	0.127089920555771	NA	29505822	29526800	0.540727521825694	4	NA
19	584	3939	337	0.0354023844748265	4.70033687197003	54	0.0153224275669011	4.39555132986009	29527100	30907900	0.686907082596038	3	0
19	585	6139	432	0.112373905449958	4.87232882755816	67	0.127089920555771	4.74224878083128	30908600	33041546	0.686907082596038	3	0
19	586	8872	865	-0.093404779982597	4.29761439153683	48	-0.048133075150967	4.29379639872824	33042100	36237245	0.686907082596038	3	0
19	587	10258	806	-0.151563759594146	4.02068122601718	44	-0.121454701579449	4.02068122601718	36237583	40189100	0.686907082596038	3	0
19	588	10286	551	-0.0881695304002923	4.2502574277169	48	-0.048133075150967	4.29379639872824	40189338	44562000	0.686907082596038	3	0
19	589	250	20	-0.00386035092438062	5.22811195845851	54	0.0153224275669011	4.39555132986009	44562300	44659400	0.686907082596038	3	0
19	590	719	66	0.316458761274	0.740053242898183	80	0.308386542510142	0.688465696586477	44659513	45005500	0.686907082596038	4	1
19	591	27856	2470	0.213371744758181	0.681649724656863	70	0.211971305316059	0.681649724656863	45005800	55643500	0.65637357327661	4	1
19	592	11	0	0.48451340493905	0	101	0.515196657072297	NA	55643800	55647100	0.660893255289124	5	NA
19	593	9084	782	0.278582046130569	0.710270934421233	80	0.308386542510142	0.688465696586477	55647600	59030410	0.686907082596038	4	1
19	594	159	9	0.590470935154205	0.680759574931474	112	0.615380701159755	NA	59030846	59097600	0.686907082596038	5	NA
20	595	602	18	0.373450719227229	0.413872903042719	91	0.378527827033182	NA	60700	289200	0.686907082596038	4	NA
20	596	1129	81	2.77502709941879	8.03055037146918	124	2.77502709941879	8.03055037146918	289497	671648	0.687086300324371	27	1
20	597	365	65	1.92173347437503	5.1233320995834	123	1.92173347437503	5.1233320995834	671856	799470	0.687086300324371	14	1
20	598	281	33	1.47555243370637	3.47869029546353	122	1.47555243370637	3.47869029546353	800761	891510	0.687086300324371	10	1
20	599	4077	390	0.0467396706513717	0.253314166607559	55	0.0153224275669011	0.19827667681081	891823	2364675	0.686907082596038	3	1
20	600	10632	1100	-0.0360549674827785	0.199622563359066	47	-0.048133075150967	0.193216234549972	2365056	6184894	0.664820668912117	3	1
20	601	19032	1795	0.0273473995722055	0.197338864498047	55	0.0153224275669011	0.19827667681081	6185200	13098462	0.686907082596038	3	1
20	602	33167	3155	-0.0277597741074544	0.197405458698162	47	-0.048133075150967	0.193216234549972	13099039	25083307	0.664820668912117	3	1
20	603	1740	52	-0.0941709808800904	0.217240523247633	47	-0.048133075150967	0.193216234549972	25083700	25732801	0.664820668912117	3	1
20	604	749	17	-0.332145181755721	0.0539489251780484	37	-0.304364091728926	NA	25733062	29858867	NA	2	NA
20	605	17503	916	-0.0983201454880462	0.182755149409661	50	-0.048133075150967	0.168691995134854	29859334	36196700	0.648826633386413	3	1
20	606	9566	556	-0.0354057862098418	0.17708281648381	50	-0.048133075150967	0.168691995134854	36197000	39509700	0.648826633386413	3	1
20	607	32434	2749	-0.0615339350700506	0.199548047648632	47	-0.048133075150967	0.193216234549972	39510100	50956600	0.664820668912117	3	1
20	608	9560	1005	-0.0194967531615114	0.176365019698583	50	-0.048133075150967	0.168691995134854	50956800	54489900	0.648826633386413	3	1
20	609	2708	189	-0.12589208385695	0.249628275837537	43	-0.121454701579449	0.185097716845639	54490000	55432821	0.530999357402102	3	1
20	610	1494	128	-0.045411120160336	0.191103703849576	50	-0.048133075150967	0.168691995134854	55433175	55925300	0.648826633386413	3	1
20	611	20289	1832	0.0286172512575908	0.191357358403715	55	0.0153224275669011	0.19827667681081	55925500	62964900	0.686907082596038	3	1
21	612	13	1	-0.485627985285543	-0.131812608038565	26	-0.474587489512359	NA	9412659	9427400	NA	2	NA
21	613	170	1	-1.03062222520327	0.0841512777271034	10	-1.04494864975979	NA	9428400	9576016	0.638952687169122	1	0
21	614	2414	73	-0.494730793095119	0.036948722407163	22	-0.474587489512359	-0.059050054776686	9576082	15405200	1	2	1
21	615	6465	698	-0.0208298553526792	0.202475692511518	47	-0.048133075150967	0.193216234549972	15407191	17925371	0.664820668912117	3	1
21	616	25620	2110	-0.0861833599019509	0.17383056076929	47	-0.048133075150967	0.193216234549972	17925724	27825800	0.664820668912117	3	1
21	617	11279	995	-0.0129537416297036	0.199967138504228	47	-0.048133075150967	0.193216234549972	27826300	32200079	0.664820668912117	3	1
21	618	8828	631	-0.0822548523056045	0.170192547583703	47	-0.048133075150967	0.193216234549972	32200638	35333300	0.664820668912117	3	1
21	619	5314	446	0.0320646925668357	0.230204230037329	55	0.0153224275669011	0.19827667681081	35333900	37207100	0.686907082596038	3	1
21	620	3475	393	-0.0586849366602119	0.228079156243603	47	-0.048133075150967	0.193216234549972	37207500	38426500	0.664820668912117	3	1
21	621	20075	2333	0.00277588434636843	0.206624323104549	55	0.0153224275669011	0.19827667681081	38426755	45541300	0.686907082596038	3	1
21	622	7304	1017	0.0714143474815917	0.214743045797429	62	0.0693643626522609	0.212868581952258	45541600	48099116	0.686907082596038	3	1
22	623	20	0	-0.00278806746549154	0	59	0.0153224275669011	NA	16097000	16351500	0.686907082596038	3	NA
22	624	928	68	-0.1378044581037	0.138908266787133	43	-0.121454701579449	0.185097716845639	16388305	17600895	0.530999357402102	3	1
22	625	3	2	-2.0169278400559	1.34337443743925	3	-2.0169278400559	NA	17601200	17601748	0.656671946755073	0	0
22	626	75731	6360	-0.0728336180297479	0.198165274501474	47	-0.048133075150967	0.193216234549972	17602400	46023500	0.664820668912117	3	1
22	627	15237	1809	0.0277551882300229	0.200894002822582	55	0.0153224275669011	0.19827667681081	46023900	51216300	0.686907082596038	3	1
23	628	1330	0	-0.467630390933588	0	26	-0.474587489512359	NA	2759000	31334178	1	1	NA
23	629	4314	0	-1.22343305975409	0	6	-1.22343305975409	NA	31350081	145409600	0.686907082596038	0	NA
23	630	317	0	-0.0168057532360951	0	53	-0.048133075150967	NA	145426222	151999223	0.684793484474088	2	NA
23	631	213	0	0.537505137385442	0	101	0.515196657072297	NA	152002535	154915400	0.660893255289124	2	NA
